<?xml version="1.0" encoding="utf-8"?>
<ArrayOfSession xmlns:xsi="http://www.w3.org/2001/XMLSchema-instance" xmlns:xsd="http://www.w3.org/2001/XMLSchema">
  <Session Id="0">
    <TimeZoneOffset>01:00:00</TimeZoneOffset>
    <Interval>
      <Start>2016-07-20T10:11:11.34375+01:00</Start>
      <End>2016-08-03T01:02:34.890625+01:00</End>
    </Interval>
    <StartLocalTimeString>2016-07-20 10:11:11.343</StartLocalTimeString>
    <EndLocalTimeString>2016-08-03 01:02:34.890</EndLocalTimeString>
    <ExperimentFileName>FVB strain part 3.experiment</ExperimentFileName>
    <VisitMode>Mode2</VisitMode>
    <VisitDurationLimit>10</VisitDurationLimit>
    <DiagnosticMode>false</DiagnosticMode>
    <SoftwareVersion>2.14.1.0</SoftwareVersion>
    <Hardware>
      <SerialPort>
        <PortName>COM3</PortName>
        <BaudRate>115200</BaudRate>
        <ReadBufferSize>4096</ReadBufferSize>
        <WriteBufferSize>4096</WriteBufferSize>
      </SerialPort>
      <CanDevice>
        <VciObjectId>0</VciObjectId>
        <DeviceClass>00000000-0000-0000-0000-000000000000</DeviceClass>
      </CanDevice>
    </Hardware>
  </Session>
</ArrayOfSession>
