<?xml version="1.0" encoding="utf-8"?>
<ArrayOfSession xmlns:xsi="http://www.w3.org/2001/XMLSchema-instance" xmlns:xsd="http://www.w3.org/2001/XMLSchema">
  <Session Id="0">
    <TimeZoneOffset>02:00:00</TimeZoneOffset>
    <Interval>
      <Start>2012-08-31T11:58:22.90625+02:00</Start>
      <End>2012-09-13T13:35:34.390625+02:00</End>
    </Interval>
    <StartLocalTimeString>2012-08-31 11:58:22.906</StartLocalTimeString>
    <EndLocalTimeString>2012-09-13 13:35:34.390</EndLocalTimeString>
    <ExperimentFileName>C57 (8 A) i (8 B) i BALB (6 B) poznawcze.experiment</ExperimentFileName>
    <VisitMode>Mode2</VisitMode>
    <VisitDurationLimit>10</VisitDurationLimit>
    <DiagnosticMode>false</DiagnosticMode>
    <SoftwareVersion>2.10.5.0</SoftwareVersion>
    <Hardware>
      <SerialPort>
        <PortName>COM3</PortName>
        <BaudRate>115200</BaudRate>
        <ReadBufferSize>4096</ReadBufferSize>
        <WriteBufferSize>4096</WriteBufferSize>
      </SerialPort>
      <CanDevice>
        <VciObjectId>0</VciObjectId>
        <DeviceClass>00000000-0000-0000-0000-000000000000</DeviceClass>
      </CanDevice>
    </Hardware>
  </Session>
</ArrayOfSession>
